eventid,eventtype,eventname,htmlname,htmldescription,alertlevel,country,fromdate,year,todate,severitytext,lat,long,editdate,affectedports,n_affectedports,affectedpopulation,pageid,ObjectId,Shape__Area,Shape__Length
1000552,TC,IDAI-19,Tropical Cyclone IDAI-19,"Red Tropical Cyclone IDAI-19 in Mozambique, Zimbabwe, Miscellaneous (French) Indian Ocean Islands from: 09 Mar 2019  to: 15 Mar 2019 .",RED,Mozambique,3/9/2019 6:00:00 AM,2019,3/15/2019 12:00:00 AM,Hurricane/Typhoon > 74 mph (maximum wind speed of 194 km/h),-19.6,34.8,9/10/2023 1:47:19 AM,port137,1,1.9 million  in Category 1 or higher,3aa1164d42fb42e99f8ed581b6ecd4d1,1,350000681982.329,3223229.70023971
1000227,FL,Flood in Mozambique,Flood in Mozambique,Red Flood in Mozambique from: 09 Mar 2019 00 to: 29 Mar 2019 00.,RED,Mozambique,3/9/2019 12:00:00 AM,2019,3/29/2019 12:00:00 AM,,-15.178,36.432,9/10/2023 1:49:27 AM,port137; port784; port896,3,,c2ad419a75d24ec28ae55a0728a0eb79,2,642589988843.847,5359810.99393623
1000559,TC,KENNETH-19,Tropical Cyclone KENNETH-19,"Red Tropical Cyclone KENNETH-19 in , Mozambique, Comoros from: 23 Apr 2019  to: 25 Apr 2019 .",RED,Mozambique; Comoros,4/23/2019 12:00:00 AM,2019,4/25/2019 6:00:00 PM,Hurricane/Typhoon > 74 mph (maximum wind speed of 231 km/h),-12.3,40.1,9/10/2023 1:53:22 AM,port896; port769,2,260 thousand  in Category 1 or higher,74c5908f37dd496caedc335fc2bcf6e1,3,226352974513.571,2574508.32001222
1000561,TC,FANI-19,Tropical Cyclone FANI-19,"Red Tropical Cyclone FANI-19 in , India, Bangladesh, Bhutan from: 27 Apr 2019  to: 03 May 2019 .",RED,India,4/27/2019 12:00:00 AM,2019,5/3/2019 12:00:00 PM,Hurricane/Typhoon > 74 mph (maximum wind speed of 250 km/h),21.3,86.2,9/10/2023 1:54:47 AM,port290; port883,2,1.8 million  in Category 1 or higher,7a4e3ee5892f497a996870d3e0e6f414,4,560020159936.902,4851355.97146034
1178759,EQ,"Earthquake in Eastern New Guinea Reg., P.N.G.","Earthquake in Eastern New Guinea Reg., P.N.G.","Red M 7.2 Earthquake in Eastern New Guinea Reg., P.N.G. at: 06 May 2019 21:19:35.",RED,Papua New Guinea,5/6/2019 9:19:35 PM,2019,5/6/2019 9:19:35 PM,"Magnitude 7.2M, Depth:126.92km",-6.9767,146.44,9/10/2023 1:55:14 AM,port624,1,,98299d6738574f2ea18e46e19f71327e,5,32064448784.4678,634862.151384913
1180592,EQ,Earthquake in Peru,Earthquake in Peru,Red M 8 Earthquake in Peru at: 26 May 2019 07:41:14.,RED,Peru,5/26/2019 7:41:14 AM,2019,5/26/2019 7:41:14 AM,"Magnitude 8M, Depth:109.88km",-5.796,-75.2975,9/10/2023 1:57:59 AM,,0,,,6,31912063391.5649,633332.329261963
1182839,EQ,Earthquake in China,Earthquake in China,Red M 5.8 Earthquake in China at: 17 Jun 2019 14:55:45.,RED,China,6/17/2019 2:55:45 PM,2019,6/17/2019 2:55:45 PM,"Magnitude 5.8M, Depth:10km",28.4088,104.9654,9/10/2023 2:01:05 AM,,0,,,7,40835216658.0664,716423.271529185
1013088,DR,Central India-2019,Drought in India,Red Drought in India from: 21 Feb 2019  to: 02 Jul 2019 .,RED,India,2/21/2019 12:00:00 AM,2019,7/2/2019 9:17:00 AM,Severe impact for agricultural drought in 139078 km2,19.833,76.244,9/10/2023 2:03:09 AM,port776,1,,,8,158054648311.633,2820951.37359802
1013327,DR,Zimbabwe-2019,"Drought in Botswana, Mozambique, South Africa, Zimbabwe","Red Drought in Botswana, Mozambique, South Africa, Zimbabwe from: 21 Mar 2019  to: 01 Aug 2019 .",RED,"Botswana, Mozambique, South Africa, Zimbabwe",3/21/2019 12:00:00 AM,2019,8/1/2019 10:47:00 AM,Severe impact for agricultural drought in 102368 km2,-22.721,31.814,9/10/2023 2:06:33 AM,,0,,,9,120939607601.35,2559609.37090292
1000582,TC,LEKIMA-19,Tropical Cyclone LEKIMA-19,"Red Tropical Cyclone LEKIMA-19 in , China, Japan from: 04 Aug 2019  to: 11 Aug 2019 .",RED,China; Taiwan Province of China,8/4/2019 12:00:00 AM,2019,8/11/2019 12:00:00 PM,Tropical Depression (maximum wind speed of 241 km/h),36,119.5,9/10/2023 2:08:06 AM,port227; port228; port370; port375; port438; port517; port792; port824; port1073; port1188; port1253; port1390; port1403; port1425; port1427; port1429; port238; port1261,18,7 million  in Category 1 or higher,a8c66fa7bd0c4373a1abfd43fdc50a94,10,964019445621.822,5154645.72196295
1100113,FL,Flood in China,Flood in China,Red Flood in China from: 31 Jul 2019 00 to: 20 Aug 2019 00.,RED,China,7/31/2019 12:00:00 AM,2019,8/20/2019 12:00:00 AM,,30.6692,104.1219,9/10/2023 2:09:09 AM,,0,,,11,5605930223.77734,475239.856765372
1012873,DR,India and Sri Lanka-2019,"Drought in India, Sri Lanka","Red Drought in India, Sri Lanka from: 21 Dec 2018  to: 26 Aug 2019 .",RED,India; Sri Lanka,12/21/2018 12:00:00 AM,2018,8/26/2019 1:37:00 PM,Severe impact for agricultural drought in 85408 km2,8.828,79.198,9/10/2023 2:09:42 AM,port1331; port1319,2,,,12,88052703825.3999,2608863.23229161
1100185,FL,"Flood in British Virgin Islands, The Bahamas","Flood in British Virgin Islands, The Bahamas","Red Flood in British Virgin Islands, The Bahamas from: 28 Aug 2019 00 to: 28 Aug 2019 00.",RED,The Bahamas,8/28/2019 12:00:00 AM,2019,8/28/2019 12:00:00 AM,,26.70673,-78.87209,9/10/2023 2:09:52 AM,port251; port357; port388; port721; port798; port821,6,,5b46b63747f248a6847ddcf455d8e50f,13,362766691516.762,2700767.89282201
1000593,TC,LINGLING-19,Tropical Cyclone LINGLING-19,"Red Tropical Cyclone LINGLING-19 in Korea, Democratic People's Republic of, Republic of, China, Japan, Russian Federation from: 02 Sep 2019  to: 07 Sep 2019 .",RED,China; Korea,9/2/2019 12:00:00 AM,2019,9/7/2019 6:00:00 AM,Hurricane/Typhoon > 74 mph (maximum wind speed of 222 km/h),37.9,125.3,9/10/2023 2:10:47 AM,port277; port662; port270; port494; port608; port1067,6,20.1 million  in Category 1 or higher,6cf378ff79cf42cfa137c3d13bd2fe0a,14,1451761258421.63,7352002.30948545
1000624,TC,MATMO-19/BULBUL-19,Tropical Cyclone MATMO-19/BULBUL-19,"Red Tropical Cyclone MATMO-19/BULBUL-19 in Bangladesh, India, Myanmar, Thailand, Cambodia, Laos, Viet Nam from: 29 Oct 2019  to: 10 Nov 2019 .",RED,Bangladesh; Vietnam; India,10/29/2019 6:00:00 PM,2019,11/10/2019 12:00:00 PM,Tropical Storm (maximum wind speed of 157 km/h),23,90.8,9/10/2023 2:15:37 AM,port290; port442; port883; port1078; port759; port890,6,7.6 million  in Category 1 or higher,b846804ea419470084333b3317290139,15,317900413479.579,3432525.07837926
1100273,FL,Flood in Bangladesh,"Flood in Bangladesh, India","Red Flood in Bangladesh, India from: 09 Nov 2019 00 to: 12 Nov 2019 00.",RED,Bangladesh; India,11/9/2019 12:00:00 AM,2019,11/12/2019 12:00:00 AM,,22.70099,90.35384,9/10/2023 2:16:06 AM,port207; port290; port442; port883; port241; port289; port759; port890,8,,a57b043b47634cbd91006db4600147e7,16,463957499990.529,12534138.6390336
1000636,TC,KAMMURI-19,Tropical Cyclone KAMMURI-19,"Red Tropical Cyclone KAMMURI-19 in Philippines, Guam, Northern Mariana Islands from: 25 Nov 2019  to: 05 Dec 2019 .",RED,Philippines,11/25/2019 6:00:00 PM,2019,12/5/2019 6:00:00 PM,Tropical Depression (maximum wind speed of 213 km/h),12.2,113.5,9/10/2023 2:18:18 AM,port125; port694; port858; port1232,4,34.9 million  in Category 1 or higher,f189276a7e174aa88ce4270ecf7ee158,17,1310887873701.9,7478805.05249352
1012728,DR,Zambezi Basin-2018,"Drought in Angola, Botswana, Mozambique, Namibia, Zambia, Zimbabwe","Red Drought in Angola, Botswana, Mozambique, Namibia, Zambia, Zimbabwe from: 21 Oct 2018  to: 24 Mar 2020 .",RED,"Angola, Botswana, Mozambique, Namibia, Zambia, Zimbabwe",10/21/2018 12:00:00 AM,2018,3/24/2020 4:37:00 PM,Severe impact for agricultural drought in 150282 km2,-19.807,26.836,9/10/2023 2:25:24 AM,,0,,,18,170694014586.549,4273813.77284295
1000663,TC,HAROLD-20,Tropical Cyclone HAROLD-20,"Red Tropical Cyclone HAROLD-20 in , Tonga, Fiji, Vanuatu from: 02 Apr 2020  to: 09 Apr 2020 .",RED,Fiji; Vanuatu; Tonga,4/2/2020 6:00:00 PM,2020,4/9/2020 6:00:00 AM,Hurricane/Typhoon > 74 mph (maximum wind speed of 269 km/h),-24.6,-170.7,9/10/2023 2:49:50 AM,port636; port643; port1240; port669; port836,5,70 thousand  in Category 1 or higher,56210f6c71f84299baa2ea0b705762f0,19,1886520768475.28,11970100.9264723
1000666,TC,VONGFONG-20,Tropical Cyclone VONGFONG-20,Red Tropical Cyclone VONGFONG-20 in Philippines from: 11 May 2020  to: 16 May 2020 .,RED,Philippines,5/11/2020 6:00:00 PM,2020,5/16/2020 6:00:00 AM,Tropical Depression (maximum wind speed of 194 km/h),19.3,120.5,9/10/2023 2:51:45 AM,,0,2 million  in Category 1 or higher,,20,128064151889.949,2559326.36402653
1000667,TC,AMPHAN-20,Tropical Cyclone AMPHAN-20,"Red Tropical Cyclone AMPHAN-20 in India, Bangladesh, Bhutan from: 16 May 2020  to: 20 May 2020 .",RED,India,5/16/2020 6:00:00 AM,2020,5/20/2020 12:00:00 PM,Hurricane/Typhoon > 74 mph (maximum wind speed of 269 km/h),22.2,88.3,9/10/2023 2:52:10 AM,port207; port290; port442; port883,4,33.8 million  in Category 1 or higher,4aa2d000ec6344bd8e3ff519e352cddc,21,486303246583.71,3835378.58822969
1000673,TC,NISARGA-20,Tropical Cyclone NISARGA-20,Red Tropical Cyclone NISARGA-20 in India from: 02 Jun 2020  to: 03 Jun 2020 .,RED,India,6/2/2020 6:00:00 PM,2020,6/3/2020 12:00:00 PM,Hurricane/Typhoon > 74 mph (maximum wind speed of 139 km/h),19.1,73.7,9/10/2023 2:52:52 AM,port511; port776,2,13.5 million  in Category 1 or higher,91c5a35ee6804b94a39c91c93021bfe1,22,116925429196.297,1668600.05144497
1000702,TC,BAVI-20,Tropical Cyclone BAVI-20,"Red Tropical Cyclone BAVI-20 in China, Democratic Republic of Korea, Republic of Korea from: 21 Aug 2020  to: 27 Aug 2020 .",RED,China,8/21/2020 12:00:00 PM,2020,8/27/2020 6:00:00 AM,Tropical Storm (maximum wind speed of 185 km/h),41.6,125.8,9/10/2023 2:57:00 AM,port277; port662,2,2.7 million  in Category 1 or higher,99eadeb4109b4f45891f4d352d984b9c,23,722913654780.227,5491058.81065076
1000705,TC,MAYSAK-20,Tropical Cyclone MAYSAK-20,"Red Tropical Cyclone MAYSAK-20 in Republic of Korea, Japan, Democratic Republic of Korea, China from: 28 Aug 2020  to: 02 Sep 2020 .",RED,Japan; Korea,8/28/2020 12:00:00 AM,2020,9/2/2020 6:00:00 PM,Hurricane/Typhoon > 74 mph (maximum wind speed of 231 km/h),35.5,129,9/10/2023 2:57:39 AM,port545; port785; port432; port715; port915; port1065; port1309; port1338,8,18.3 million  in Category 1 or higher,2e49fb9e14e147c7914103806eaa8c51,24,1738832135933.7,9098031.24090583
1000706,TC,HAISHEN-20,Tropical Cyclone HAISHEN-20,"Red Tropical Cyclone HAISHEN-20 in Democratic Republic of Korea, Republic of Korea, Japan, China, from: 31 Aug 2020  to: 07 Sep 2020 .",RED,Japan; Korea,8/31/2020 12:00:00 PM,2020,9/7/2020 12:00:00 PM,Tropical Storm (maximum wind speed of 250 km/h),40.7,128.9,9/10/2023 2:58:10 AM,port439; port445; port471; port480; port528; port538; port545; port566; port605; port785; port846; port852; port1119; port1190; port1304; port1324; port1335; port1378; port1411; port270; port432; port494; port608; port715; port915; port1065; port1067; port1309; port1338,29,29.9 million  in Category 1 or higher,0ef4c5564b2a41169f223c0b1d019825,25,2187718787554.53,8378337.00226892
1000726,TC,DELTA-20,Tropical Cyclone DELTA-20,"Red Tropical Cyclone DELTA-20 in United States, Mexico, Cuba, Cayman Islands from: 04 Oct 2020  to: 10 Oct 2020 .",RED,Mexico; United States,10/4/2020 9:00:00 PM,2020,10/10/2020 3:00:00 PM,Tropical Depression (maximum wind speed of 231 km/h),33.1,-90.8,9/10/2023 2:59:57 AM,port629; port933; port1144,3,1.9 million  in Category 1 or higher,54de45193f89417299ab745d2c59f315,26,486618277080.587,5960717.91273668
1000734,TC,MOLAVE-20,Tropical Cyclone MOLAVE-20,"Red Tropical Cyclone MOLAVE-20 in Viet Nam, Laos, Philippines, Cambodia, Thailand from: 24 Oct 2020  to: 28 Oct 2020 .",RED,Philippines; Vietnam,10/24/2020 12:00:00 AM,2020,10/28/2020 6:00:00 AM,Hurricane/Typhoon > 74 mph (maximum wind speed of 204 km/h),15.4,108.5,9/10/2023 3:00:57 AM,port125; port694; port213; port269; port1078,5,4.9 million  in Category 1 or higher,e84323b3f8cc45bfabbdfe65aca72289,27,660479170186.797,5156424.33989627
1000736,TC,GONI-20,Tropical Cyclone GONI-20,Red Tropical Cyclone GONI-20 in Philippines from: 28 Oct 2020  to: 06 Nov 2020 .,RED,Philippines,10/28/2020 12:00:00 AM,2020,11/6/2020 12:00:00 AM,Tropical Depression (maximum wind speed of 315 km/h),13.9,109.2,9/10/2023 3:02:09 AM,port125; port694; port1232,3,24.4 million  in Category 1 or higher,01e6d560b4a74356a99aabb80ae23ac9,28,463013131529.676,4774366.59118529
1000738,TC,ETA-20,Tropical Cyclone ETA-20,"Red Tropical Cyclone ETA-20 in Nicaragua, United States, Honduras from: 31 Oct 2020  to: 13 Nov 2020 .",RED,Nicaragua,10/31/2020 9:00:00 PM,2020,11/13/2020 9:00:00 AM,Tropical Storm (maximum wind speed of 241 km/h),33.3,-76.8,9/10/2023 3:03:02 AM,port1030,1,200 thousand  in Category 1 or higher,fd3925b9021c4a94b60b64845b220025,29,465290969820.433,6020829.8731275
1000741,TC,VAMCO-20,Tropical Cyclone VAMCO-20,"Red Tropical Cyclone VAMCO-20 in Viet Nam, Laos, Philippines from: 09 Nov 2020  to: 15 Nov 2020 .",RED,Philippines; Vietnam,11/9/2020 6:00:00 AM,2020,11/15/2020 6:00:00 AM,Hurricane/Typhoon > 74 mph (maximum wind speed of 213 km/h),17.7,106.5,9/10/2023 3:03:21 AM,port125; port694; port1232; port213; port269,5,47.4 million  in Category 1 or higher,3b4614b4f7b34fb18ec018043a5f15aa,30,1054019421551.87,5596890.61767435
1000743,TC,IOTA-20,Tropical Cyclone IOTA-20,"Red Tropical Cyclone IOTA-20 in Honduras, Nicaragua from: 13 Nov 2020  to: 18 Nov 2020 .",RED,Nicaragua,11/13/2020 3:00:00 PM,2020,11/18/2020 3:00:00 PM,Tropical Depression (maximum wind speed of 259 km/h),13.8,-89.5,9/10/2023 3:03:39 AM,port1030,1,560 thousand  in Category 1 or higher,33119f1ca522447f8f206d2496ad2eed,31,226711652592.065,2524213.99430611
1000747,TC,NIVAR-20,Tropical Cyclone NIVAR-20,Red Tropical Cyclone NIVAR-20 in India from: 23 Nov 2020  to: 26 Nov 2020 .,RED,India,11/23/2020 12:00:00 PM,2020,11/26/2020 12:00:00 AM,Tropical Storm (maximum wind speed of 130 km/h),12.3,79.4,9/10/2023 3:04:10 AM,,0,6.1 million  in Category 1 or higher,,32,79756408901.5186,1566642.15242399
1000752,TC,YASA-20,Tropical Cyclone YASA-20,"Red Tropical Cyclone YASA-20 in Fiji, from: 12 Dec 2020  to: 20 Dec 2020 .",RED,Fiji,12/12/2020 12:00:00 PM,2020,12/20/2020 12:00:00 AM,Tropical Storm (maximum wind speed of 259 km/h),-23.3,-178.1,9/10/2023 3:05:38 AM,port636; port643; port687; port1240,4,160 thousand  in Category 1 or higher,b1fdccb4c2e54ca0b570e64a6114dbdd,33,690398598422.379,5640670.51654098
1000772,TC,NIRAN-21,Tropical Cyclone NIRAN-21,"Red Tropical Cyclone NIRAN-21 in New Caledonia, Australia, Norfolk Island, Vanuatu from: 01 Mar 2021  to: 07 Mar 2021 .",RED,New Caledonia,3/1/2021 12:00:00 AM,2021,3/7/2021 12:00:00 AM,Tropical Storm (maximum wind speed of 259 km/h),-27.3,175.7,9/10/2023 3:09:22 AM,port94; port97; port403; port806; port832; port870; port1372,7,240 thousand  in Category 1 or higher,916961bee1694b1cb56ee0bb197b6070,34,1589004873948.55,7945752.33332255
1000782,TC,TAUKTAE-21,Tropical Cyclone TAUKTAE-21,"Red Tropical Cyclone TAUKTAE-21 in India, Pakistan from: 14 May 2021  to: 17 May 2021 .",RED,India,5/14/2021 6:00:00 AM,2021,5/17/2021 6:00:00 PM,Hurricane/Typhoon > 74 mph (maximum wind speed of 222 km/h),20.8,71.3,9/10/2023 3:12:40 AM,port271; port511; port679; port709; port776; port907,6,6.2 million  in Category 1 or higher,6af995e3acac4015bd1fbaa90a2a3d6a,35,392042114876.224,3515692.10568121
1269679,EQ,Earthquake in China,Earthquake in China,Red M 6.1 Earthquake in China at: 21 May 2021 13:48:37.,RED,China,5/21/2021 1:48:37 PM,2021,5/21/2021 1:48:37 PM,"Magnitude 6.1M, Depth:10km",25.7614,100.0076,9/10/2023 3:12:53 AM,,0,,,36,38950852849.0547,699708.940709276
1000784,TC,YAAS-21,Tropical Cyclone YAAS-21,Red Tropical Cyclone YAAS-21 in India from: 24 May 2021  to: 26 May 2021 .,RED,India,5/24/2021 12:00:00 AM,2021,5/26/2021 6:00:00 AM,Tropical Storm (maximum wind speed of 120 km/h),21.6,87,9/10/2023 3:13:40 AM,port290; port442; port883,3,1.2 million  in Category 1 or higher,f005e5328daf492b8d64437e2ea8e3f6,37,279610013323.518,2292267.97352831
1100902,FL,"Flood in Bangladesh, India","Flood in Bangladesh, India","Red Flood in Bangladesh, India from: 24 May 2021 01 to: 31 May 2021 01.",RED,India,5/24/2021 1:00:00 AM,2021,5/31/2021 1:00:00 AM,,23.45598,85.25573,9/10/2023 3:14:59 AM,port207; port235; port290; port442; port534; port544; port883; port1331,8,,0444d1d2ece246b8bf863f26ef9e0444,38,516672397465.786,15044471.1674055
1000023,VO,Eruption  Nyiragongo,Eruption  Nyiragongo,Red Eruption Nyiragongo in Democratic Republic of Congo at: 04 Jun 2021 00:00.,RED,Democratic Republic of Congo,5/23/2021 12:00:00 AM,2021,6/4/2021 12:00:00 AM,,-1.52,29.25,9/10/2023 3:15:28 AM,,0,,,39,31610039747.0293,630337.873884792
1100932,FL,Flood in China,Flood in China,Red Flood in China from: 20 Jun 2021 01 to: 30 Jul 2021 01.,RED,China,6/20/2021 1:00:00 AM,2021,7/30/2021 1:00:00 AM,,37.87001,112.5453,9/10/2023 3:21:14 AM,,0,,,40,11130690490.4844,762082.445930945
1281677,EQ,Earthquake in Haiti,Earthquake in Haiti,Red M 7.2 Earthquake in Haiti at: 14 Aug 2021 12:29:09.,RED,Haiti,8/14/2021 12:29:09 PM,2021,8/14/2021 12:29:09 PM,"Magnitude 7.2M, Depth:10km",18.4079,-73.4753,9/10/2023 3:23:30 AM,,0,,,41,35092185098.7656,664149.074051304
1000814,TC,GRACE-21,Tropical Cyclone GRACE-21,Red Tropical Cyclone GRACE-21 in Mexico from: 13 Aug 2021  to: 21 Aug 2021 .,RED,Mexico; Cayman Islands,8/13/2021 3:00:00 PM,2021,8/21/2021 9:00:00 PM,Tropical Depression (maximum wind speed of 194 km/h),19.6,-100.1,9/10/2023 3:24:51 AM,port1144; port1332; port389,3,7.7 million  in Category 1 or higher,121eef70bd7e4584a988fa9198fa31db,42,480482637423.728,5295598.84860934
1000818,TC,IDA-21,Tropical Cyclone IDA-21,"Red Tropical Cyclone IDA-21 in United States, Cuba from: 26 Aug 2021  to: 30 Aug 2021 .",RED,United States,8/26/2021 3:00:00 PM,2021,8/30/2021 9:00:00 PM,Tropical Depression (maximum wind speed of 241 km/h),32.6,-90.3,9/10/2023 3:26:16 AM,port126; port352; port812; port1214,4,2.7 million  in Category 1 or higher,7d9d04c6c5ac4e3bbdf68a78a0966767,43,394139707419.008,3782111.25609552
1000824,TC,CHANTHU-21,Tropical Cyclone CHANTHU-21,"Red Tropical Cyclone CHANTHU-21 in China, Philippines from: 06 Sep 2021  to: 18 Sep 2021 .",RED,Taiwan Province of China,9/6/2021 6:00:00 AM,2021,9/18/2021 12:00:00 AM,Tropical Depression (maximum wind speed of 287 km/h),34.1,136.6,9/10/2023 3:29:32 AM,port238; port482; port1261,3,5 million  in Category 1 or higher,8973ab79e4e84f21863706b376cc33a2,44,738658048221.111,8105520.51912211
1100977,FL,Flood in India,Flood in India,Red Flood in India from: 24 Jul 2021 01 to: 01 Oct 2021 01.,RED,India,7/24/2021 1:00:00 AM,2021,10/1/2021 1:00:00 AM,,31.23957,77.7198,9/10/2023 3:31:25 AM,,0,,,45,7009983312.98242,636443.862426638
1298872,EQ,Earthquake in Peru,Earthquake in Peru,Red M 7.5 Earthquake in Peru at: 28 Nov 2021 10:52:13.,RED,Peru,11/28/2021 10:52:13 AM,2021,11/28/2021 10:52:13 AM,"Magnitude 7.5M, Depth:112.48km",-4.4898,-76.8461,9/10/2023 3:34:01 AM,,0,,,46,31788276666.9282,632103.690613624
1000853,TC,RAI-21,Tropical Cyclone RAI-21,Red Tropical Cyclone RAI-21 in Philippines from: 13 Dec 2021  to: 20 Dec 2021 .,RED,Philippines,12/13/2021 12:00:00 AM,2021,12/20/2021 6:00:00 PM,Tropical Storm (maximum wind speed of 259 km/h),19.8,113,9/10/2023 3:35:20 AM,port182; port198; port224; port716; port797; port858; port1056; port1238; port1366,9,13 million  in Category 1 or higher,6cd0c7fb2cff4780a9caf78ad874998f,47,977345155238.729,7848305.07554738
1000036,VO,Eruption  Hunga Tonga-Hunga Ha apai,Eruption  Hunga Tonga-Hunga Ha apai,Red Eruption Hunga Tonga-Hunga Ha apai in Tonga at: 18 Jan 2022 00:00.,RED,Tonga,12/20/2021 12:00:00 AM,2021,1/18/2022 12:00:00 AM,,-20.536,-175.382,9/10/2023 3:37:15 AM,port836,1,,296a0ab5d56846fa807cf63b19868c85,48,36021562384.3203,672876.251551911
1307299,EQ,Earthquake in Haiti,Earthquake in Haiti,Red M 5.3 Earthquake in Haiti at: 24 Jan 2022 13:16:23.,RED,Haiti,1/24/2022 1:16:23 PM,2022,1/24/2022 1:16:23 PM,"Magnitude 5.3M, Depth:10km",18.4723,-73.3346,9/10/2023 3:37:31 AM,port934; port1125,2,,a14375d323fe40bcb9e296ba576f56ed,49,35116991308.7832,664375.893403049
1000859,TC,BATSIRAI-22,Tropical Cyclone BATSIRAI-22,Red Tropical Cyclone BATSIRAI-22 in Madagascar from: 27 Jan 2022  to: 08 Feb 2022 .,RED,Madagascar; Mauritius,1/27/2022 12:00:00 AM,2022,2/8/2022 12:00:00 PM,Tropical Storm (maximum wind speed of 231 km/h),-28.3,41.8,9/10/2023 3:38:51 AM,port1307; port965,2,2.9 million  in Category 1 or higher,1bc9b902d2a444d79c808ce9db848e82,50,1190876567564.87,9370132.00224266
1000866,TC,EMNATI-22,Tropical Cyclone EMNATI-22,Red Tropical Cyclone EMNATI-22 in Madagascar from: 16 Feb 2022  to: 24 Feb 2022 .,RED,Madagascar,2/16/2022 6:00:00 PM,2022,2/24/2022 6:00:00 PM,Tropical Storm (maximum wind speed of 204 km/h),-28.7,41.8,9/10/2023 3:40:00 AM,port340; port1301; port1307,3,2.2 million  in Category 1 or higher,4712455782b24b729ffa2d23c4fb9f61,51,915533029862.021,6324014.6877045
1327560,EQ,Earthquake in Afghanistan,Earthquake in Afghanistan,Red M 5.9 Earthquake in Afghanistan at: 21 Jun 2022 20:54:36.,RED,Afghanistan,6/21/2022 8:54:36 PM,2022,6/21/2022 8:54:36 PM,"Magnitude 5.9M, Depth:10km",33.0924,69.5135,9/10/2023 3:45:25 AM,,0,,,52,45009193544.7793,752151.855706144
1101522,FL,Flood in Pakistan,Flood in Pakistan,Red Flood in Pakistan from: 14 Jun 2022 01 to: 31 Aug 2022 01.,RED,Pakistan,6/14/2022 1:00:00 AM,2022,8/31/2022 1:00:00 AM,,36,75,9/10/2023 3:52:00 AM,,0,,,53,378995189190.314,5478659.57043936
1337179,EQ,Earthquake in Papua New Guinea,Earthquake in Papua New Guinea,Red M 7.6 Earthquake in Papua New Guinea at: 10 Sep 2022 23:46:55.,RED,Papua New Guinea,9/10/2022 11:46:55 PM,2022,9/10/2022 11:46:55 PM,"Magnitude 7.6M, Depth:90.013km",-6.2557,146.4692,9/10/2023 3:52:30 AM,port624,1,,c8de7f4575724cc3a7afccf0faf762a0,54,31972252448.1006,633942.806132274
1101664,FL,"Flood in China, Taiwan","Flood in China, Taiwan","Red Flood in China, Taiwan from: 14 Sep 2022 01 to: 16 Sep 2022 01.",RED,China,9/14/2022 1:00:00 AM,2022,9/16/2022 1:00:00 AM,,31.23228,121.4692,9/10/2023 3:53:19 AM,port438; port824; port1188; port1390; port1427; port1429,6,,e8ad23d722674521baae5de97cc97f61,55,217355300848.27,3579326.49350568
1000916,TC,FIONA-22,Tropical Cyclone FIONA-22,"Red Tropical Cyclone FIONA-22 in Canada, Turks and Caicos Islands, Dominican Republic, Puerto Rico from: 14 Sep 2022  to: 24 Sep 2022 .",RED,Montserrat; Canada; Antigua and Barbuda; Guadeloupe; St. Kitts and Nevis; United States; Dominican Republic; Turks and Caicos Islands; Puerto Rico,9/14/2022 3:00:00 PM,2022,9/24/2022 9:00:00 PM,Tropical Storm (maximum wind speed of 213 km/h),48.4,-60.5,9/10/2023 3:54:38 AM,port1245; port211; port443; port935; port1219; port51; port1055; port1147; port122; port232; port164; port913; port414; port1025; port910; port922; port1221,17,2.9 million  in Category 1 or higher,9ccdff1760bb46af903ec5b39378a058,56,3331680947058.3,13796058.9329761
1000922,TC,NORU-22,Tropical Cyclone NORU-22,"Red Tropical Cyclone NORU-22 in Viet Nam, Laos, Philippines from: 22 Sep 2022  to: 28 Sep 2022 .",RED,Philippines; Vietnam,9/22/2022 12:00:00 AM,2022,9/28/2022 12:00:00 AM,Hurricane/Typhoon > 74 mph (maximum wind speed of 259 km/h),16,107.8,9/10/2023 3:55:22 AM,port694; port1232; port213; port269,4,9 million  in Category 1 or higher,fcb67d56baae4103ade370dd3995d8c8,57,543451018476.107,5830422.22530305
1000923,TC,IAN-22,Tropical Cyclone IAN-22,"Red Tropical Cyclone IAN-22 in United States, Cuba from: 23 Sep 2022  to: 02 Oct 2022 .",RED,United States; Cuba,9/23/2022 9:00:00 AM,2022,10/2/2022 3:00:00 AM,Tropical Depression (maximum wind speed of 250 km/h),37.3,-78.2,9/10/2023 3:55:57 AM,port212; port231; port513; port967; port1259; port1399; port86; port704,8,5.2 million  in Category 1 or higher,a9afc86a1a4548849cb5860689dbbad7,58,795550443716.97,5660938.88049683
1000940,TC,ROSLYN-22,Tropical Cyclone ROSLYN-22,Red Tropical Cyclone ROSLYN-22 in Mexico from: 20 Oct 2022  to: 24 Oct 2022 .,RED,Mexico,10/20/2022 3:00:00 AM,2022,10/24/2022 3:00:00 AM,Tropical Depression (maximum wind speed of 213 km/h),26,-101,9/10/2023 3:58:00 AM,,0,290 thousand  in Category 1 or higher,,59,172355881838.914,2914267.11626718
1101659,FL,Flood in Nigeria,Flood in Nigeria,Red Flood in Nigeria from: 10 Sep 2022 01 to: 26 Oct 2022 01.,RED,Nigeria,9/10/2022 1:00:00 AM,2022,10/26/2022 1:00:00 AM,,4.762979,6.028898,9/10/2023 3:58:13 AM,port205; port587; port1165; port1383,4,,9a4da61ebdd844f7a73d21254b8224ff,60,48581411140.7181,1903249.69826564
1347183,EQ,Earthquake in Indonesia,Earthquake in Indonesia,Red M 5.6 Earthquake in Indonesia at: 21 Nov 2022 06:21:10.,RED,Indonesia,11/21/2022 6:21:10 AM,2022,11/21/2022 6:21:10 AM,"Magnitude 5.6M, Depth:10km",-6.8531,107.0946,9/10/2023 3:59:21 AM,port514; port894,2,,87c03fd3cd7e4fbeb866673caea8815a,61,32048571438.0889,634691.494789812
1357560,EQ,Earthquake in Türkiye,Earthquake in Türkiye,Red M 7.5 Earthquake in Türkiye at: 06 Feb 2023 10:24:49.,RED,Türkiye,2/6/2023 10:24:49 AM,2023,2/6/2023 10:24:49 AM,"Magnitude 7.5M, Depth:10km",38.0235,37.203,9/10/2023 4:02:43 AM,,0,,,62,50911375887.1016,799954.158343215
1357372,EQ,Earthquake in Türkiye,Earthquake in Türkiye,Red M 7.8 Earthquake in Türkiye at: 06 Feb 2023 01:17:35.,RED,Türkiye,2/6/2023 1:17:35 AM,2023,2/6/2023 1:17:35 AM,"Magnitude 7.8M, Depth:17.925km",37.1736,37.032,9/10/2023 4:02:43 AM,port286; port503; port1313; port1406,4,,aa65d7e49ec94b9da3fad7da752a4e1a,63,49758852592.8926,790857.779887849
1012119,WF,Forest fires in Chile,Forest fires in Chile,Red Forest fires in Chile from: 02 Feb 2023 to: 15 Feb 2023.,RED,Chile,2/2/2023 12:00:00 AM,2023,2/15/2023 12:00:00 AM,Red impact for forestfire in 40563 ha,-36.64925,-72.85635,9/10/2023 4:04:12 AM,,0,,,64,631325497.746094,239787.169181347
1000965,TC,JUDY-23,Tropical Cyclone JUDY-23,Red Tropical Cyclone JUDY-23 in Vanuatu from: 27 Feb 2023  to: 03 Mar 2023 .,RED,Vanuatu,2/27/2023 12:00:00 AM,2023,3/3/2023 6:00:00 AM,Tropical Storm (maximum wind speed of 204 km/h),-26.1,179.8,9/10/2023 4:06:23 AM,port980,1,160 thousand  in Category 1 or higher,9ae35fc3f5a348728400cdc46c18c6b1,65,899703064607.492,7567782.06547055
1000966,TC,KEVIN-23,Tropical Cyclone KEVIN-23,Red Tropical Cyclone KEVIN-23 in Vanuatu from: 01 Mar 2023  to: 05 Mar 2023 .,RED,Vanuatu,3/1/2023 6:00:00 PM,2023,3/5/2023 12:00:00 PM,Tropical Storm (maximum wind speed of 250 km/h),-27.2,-174.5,9/10/2023 4:06:46 AM,port669; port980,2,120 thousand  in Category 1 or higher,7f9e5a20e835400cb291e476b12c6daa,66,1545193755526.63,9525874.30537231
1000961,TC,FREDDY-23,Tropical Cyclone FREDDY-23,"Red Tropical Cyclone FREDDY-23 in Mozambique, Madagascar from: 06 Feb 2023  to: 12 Mar 2023 .",RED,"Mozambique, Madagascar",2/6/2023 6:00:00 AM,2023,3/12/2023 12:00:00 AM,Hurricane/Typhoon > 74 mph (maximum wind speed of 250 km/h),-17.5,36.9,9/10/2023 4:07:36 AM,,0,2.9 million  in Category 1 or higher,,67,2022693609096.56,21856185.7359395
1365556,EQ,Earthquake in Ecuador,Earthquake in Ecuador,Red M 6.8 Earthquake in Ecuador at: 18 Mar 2023 17:12:53.,RED,Ecuador,3/18/2023 5:12:53 PM,2023,3/18/2023 5:12:53 PM,"Magnitude 6.8M, Depth:66.421km",-2.8273,-79.8628,9/10/2023 4:07:55 AM,port426; port1028,2,,ef13e43c3ddc4b3498c190570259f5b7,68,31671258732.4856,630947.117609661
1000970,TC,MOCHA-23,Tropical Cyclone MOCHA-23,Red Tropical Cyclone MOCHA-23 in Myanmar from: 11 May 2023  to: 14 May 2023 .,RED,Myanmar,5/11/2023 12:00:00 AM,2023,5/14/2023 12:00:00 PM,Hurricane/Typhoon > 74 mph (maximum wind speed of 259 km/h),20.8,93.1,9/10/2023 4:10:41 AM,port961,1,3 million  in Category 1 or higher,14fa1161bedc426888263e54f9c2e255,69,477790409195.964,4284932.7315652
1102000,FL,"Flood in Bangladesh, India, Myanmar","Flood in Bangladesh, India, Myanmar","Red Flood in Bangladesh, India, Myanmar from: 13 May 2023 01 to: 15 May 2023 01.",RED,"Bangladesh, India, Myanmar",5/13/2023 1:00:00 AM,2023,5/15/2023 1:00:00 AM,,20.15,92.9,9/10/2023 4:10:48 AM,,0,,,70,15587277903.3496,1939484.12225919
1000972,TC,MAWAR-23,Tropical Cyclone MAWAR-23,Red Tropical Cyclone MAWAR-23 in Guam from: 20 May 2023  to: 03 Jun 2023 .,RED,Guam; Northern Mariana Islands,5/20/2023 12:00:00 AM,2023,6/3/2023 12:00:00 AM,Tropical Storm (maximum wind speed of 296 km/h),30.7,138.1,9/10/2023 4:12:32 AM,port61; port1113,2,170 thousand  in Category 1 or higher,fe349de1f71843cca826c88a9a5396c0,71,1696969700479.61,9505783.43463459
1000985,TC,DOKSURI-23,Tropical Cyclone DOKSURI-23,"Red Tropical Cyclone DOKSURI-23 in China, Philippines from: 21 Jul 2023  to: 28 Jul 2023 .",RED,China; Taiwan Province of China,7/21/2023 12:00:00 PM,2023,7/28/2023 6:00:00 AM,Hurricane/Typhoon > 74 mph (maximum wind speed of 241 km/h),25.7,118.4,9/10/2023 4:15:13 AM,port370; port1074; port1192; port1404; port1405; port541,6,22.8 million  in Category 1 or higher,b540df4fc6a5421bb2da4ed0f0a690c4,72,928424469375.068,5417913.71006325
1000999,TC,SAOLA-23,Tropical Cyclone SAOLA-23,"Red Tropical Cyclone SAOLA-23 in China, Philippines from: 23 Aug 2023  to: 03 Sep 2023 .",RED,Hong Kong Special Administrative Region; China; Macao Special Administrative Region,8/23/2023 6:00:00 PM,2023,9/3/2023 12:00:00 PM,Tropical Depression (maximum wind speed of 250 km/h),20.7,109,10/28/2023 1:12:27 AM,port423; port425; port436; port484; port1189; port1196; port1414; port474; port674,9,34.5 million  in Category 1 or higher,1da448d78c3c4c11bc85b5c96692e090,73,453017205092.41,4360517.90470132
1001002,TC,HAIKUI-23,Tropical Cyclone HAIKUI-23,Red Tropical Cyclone HAIKUI-23 in China from: 28 Aug 2023  to: 04 Sep 2023 .,RED,China; Taiwan Province of China,8/28/2023 12:00:00 PM,2023,9/4/2023 6:00:00 PM,Tropical Depression (maximum wind speed of 194 km/h),23.7,117.3,10/28/2023 1:12:27 AM,port1192; port1404; port541; port681,4,5.3 million  in Category 1 or higher,83cbe0ec2d85422ab03cbb25f151b70d,74,485380883238.773,5280102.2820373
1390643,EQ,Earthquake in Morocco,Earthquake in Morocco,Red M 6.8 Earthquake in Morocco at: 08 Sep 2023 22:11:02.,RED,Morocco,9/8/2023 10:11:02 PM,2023,9/8/2023 10:11:02 PM,"Magnitude 6.8M, Depth:26.321km",31.07,-8.3815,10/28/2023 1:12:27 AM,,0,,,75,43056777153.9468,735654.97817769
1396085,EQ,Earthquake in Afghanistan,Earthquake in Afghanistan,Red M 6.3 Earthquake in Afghanistan at: 15 Oct 2023 03:36:00.,RED,Afghanistan,10/15/2023 3:36:00 AM,2023,10/15/2023 3:36:00 AM,"Magnitude 6.3M, Depth:6.323km",34.6094,62.1115,10/28/2023 1:12:27 AM,,0,,,76,46636198964.7988,765628.551261167
1001019,TC,LIDIA-23,Tropical Cyclone LIDIA-23,Red Tropical Cyclone LIDIA-23 in Mexico from: 03 Oct 2023  to: 11 Oct 2023 .,RED,Mexico,10/3/2023 9:00:00 AM,2023,10/11/2023 9:00:00 AM,Tropical Depression (maximum wind speed of 204 km/h),22.5,-102.5,10/28/2023 1:12:27 AM,,0,840 thousand  in Category 1 or higher,,77,304475858795.727,4028901.57062354
1395488,EQ,Earthquake in Afghanistan,Earthquake in Afghanistan,Red M 6.3 Earthquake in Afghanistan at: 11 Oct 2023 00:41:56.,RED,Afghanistan,10/11/2023 12:41:56 AM,2023,10/11/2023 12:41:56 AM,"Magnitude 6.3M, Depth:10km",34.5798,62.0717,10/28/2023 1:12:27 AM,,0,,,78,46607220425.9453,765380.969867886
1394961,EQ,Earthquake in Afghanistan,Earthquake in Afghanistan,Red M 5.9 Earthquake in Afghanistan at: 07 Oct 2023 07:40:29.,RED,Afghanistan,10/7/2023 7:40:29 AM,2023,10/7/2023 7:40:29 AM,"Magnitude 5.9M, Depth:7.726km",34.6391,62.0327,10/28/2023 1:12:27 AM,,0,,,79,46672663443.2148,765923.612919357
1394958,EQ,Earthquake in Afghanistan,Earthquake in Afghanistan,Red M 6.3 Earthquake in Afghanistan at: 07 Oct 2023 07:12:50.,RED,Afghanistan,10/7/2023 7:12:50 AM,2023,10/7/2023 7:12:50 AM,"Magnitude 6.3M, Depth:10km",34.5743,61.9037,10/28/2023 1:12:27 AM,,0,,,80,46599035821.0488,765320.597681458
1394952,EQ,Earthquake in Afghanistan,Earthquake in Afghanistan,Red M 6.3 Earthquake in Afghanistan at: 07 Oct 2023 06:41:02.,RED,Afghanistan,10/7/2023 6:41:02 AM,2023,10/7/2023 6:41:02 AM,"Magnitude 6.3M, Depth:14km",34.6102,61.9242,10/28/2023 1:12:27 AM,,0,,,81,46640460082.4863,765656.977635154
1102204,FL,Flood in Libya,Flood in Libya,Red Flood in Libya from: 08 Sep 2023 01 to: 14 Sep 2023 00.,RED,Libya,9/8/2023 1:00:00 AM,2023,9/14/2023 12:00:00 AM,,32.75938,22.63832,10/28/2023 1:12:27 AM,,0,,,82,23588735.7392578,38187.708694884
1001027,TC,LOLA-23,Tropical Cyclone LOLA-23,"Red Tropical Cyclone LOLA-23 in Vanuatu, Solomon Islands from: 21 Oct 2023  to: 26 Oct 2023 .",RED,Vanuatu,10/21/2023 6:00:00 PM,2023,10/26/2023 12:00:00 AM,Tropical Depression (maximum wind speed of 222 km/h),-17.5,165.6,10/28/2023 1:12:27 AM,port669,1,60 thousand  in Category 1 or higher,cbc6d099a6e94f3e81a235627b040e2c,83,210094812873.857,2572664.85208214
1001028,TC,OTIS-23,Tropical Cyclone OTIS-23,Red Tropical Cyclone OTIS-23 in Mexico from: 22 Oct 2023  to: 25 Oct 2023 .,RED,Mexico,10/22/2023 3:00:00 PM,2023,10/25/2023 9:00:00 PM,Tropical Depression (maximum wind speed of 259 km/h),19.1,-100.8,10/28/2023 1:12:27 AM,port7,1,1.4 million  in Category 1 or higher,b2af87430d8340f29465e5075633c14a,84,83209950822.4092,1505916.18134488
1001029,TC,HAMOON-23,Tropical Cyclone HAMOON-23,"Red Tropical Cyclone HAMOON-23 in Bangladesh, India, Myanmar from: 23 Oct 2023  to: 24 Oct 2023 .",RED,Bangladesh,10/23/2023 6:00:00 AM,2023,10/24/2023 6:00:00 PM,Hurricane/Typhoon > 74 mph (maximum wind speed of 148 km/h),21.6,92.1,10/28/2023 1:12:27 AM,port241,1,3.9 million  in Category 1 or higher,143c6b04e7914c1dad1d2532a0d69438,85,120544698041.01,1815860.98646903
1001024,TC,NORMA-23,Tropical Cyclone NORMA-23,Red Tropical Cyclone NORMA-23 in Mexico from: 17 Oct 2023  to: 23 Oct 2023 .,RED,Mexico,10/17/2023 9:00:00 PM,2023,10/23/2023 3:00:00 PM,Tropical Depression (maximum wind speed of 213 km/h),24.9,-107.7,10/28/2023 1:12:27 AM,port905; port1310,2,430 thousand  in Category 1 or higher,542de4ebd2eb4527b0172fb958086ec0,86,343416457081.371,3420268.49408845
1001018,TC,KOINU-23,Tropical Cyclone KOINU-23,"Red Tropical Cyclone KOINU-23 in China, Japan, Philippines from: 29 Sep 2023  to: 10 Oct 2023 .",RED,Hong Kong Special Administrative Region; Taiwan Province of China; Macao Special Administrative Region,9/29/2023 12:00:00 PM,2023,10/10/2023 12:00:00 AM,Tropical Depression (maximum wind speed of 213 km/h),20.8,110.3,10/28/2023 1:12:27 AM,port482; port541; port681; port474; port674,5,3.8 million  in Category 1 or higher,06ae052bc2cc4c478d215983fb8fc680,87,759972452688.521,4831098.31580726
1406601,EQ,Earthquake in China,Earthquake in China,Red M 6 Earthquake in China at: 18 Dec 2023 15:59:30.,RED,China,12/18/2023 3:59:30 PM,2023,12/18/2023 3:59:30 PM,"Magnitude 6M, Depth:10km",35.7339,102.8364,12/18/2023 4:41:23 PM,,0,,,88,47945694506.0781,776304.042480571
1000000,OT,RED SEA TENSIONS,Trade Disruptions in the Red Sea,Trade disruptions in the Red Sea (near Bab el-Mandeb Strait) due to attacks on commercial ships,RED,,12/16/2023 12:00:00 AM,2023,,,20.31573,38.73504,2/22/2024 9:49:39 AM,chokepoint4; chokepoint1; chokepoint7,3,,573013af3b6545deaeb50ed1cbaf9444,89,508756310979.897,4678015.07943466
1000001,OT,RESTRICTIONS PANAMA CANAL,Shipping restrictions to Panama Canal,Drought restrictions imposed amid insufficient rainfall at the Gatún Lake,RED,,11/3/2023 12:00:00 AM,2023,8/5/2024 4:00:00 AM,,9.120512,-79.76723,2/24/2024 9:34:19 PM,chokepoint2,1,,76f7d4b0062e46c5bbc862d4c3ce1d4b,90,30909854.1899414,168533.801108479
10000002,OT,COLLAPSE FRANCIS SCOTT KEY BRIDGE,Baltimore: Collapse of Francis Scott Key Bridge,Collapse of the Francis Scott Key Bridge halted vessel traffic at the port of Baltimore,RED,United States,3/26/2024 12:00:00 AM,2024,6/12/2024 4:00:00 AM,,39.21934,-76.52521,3/29/2024 6:42:58 PM,port103,1,,ce951f9474d843f48c48b47b21b7bab0,91,95440715.4257813,38765.1943991731
1001067,TC,BERYL-24,Tropical Cyclone BERYL-24,"Red Tropical Cyclone BERYL-24 in Haiti, Grenada, Jamaica, Trinidad and Tobago, Saint Vincent and the Grenadines, Mexico, Belize, United States from: 28 Jun 2024  to: 09 Jul 2024 .",RED,St. Vincent and the Grenadines; Grenada; Cayman Islands; Mexico; Jamaica; United States,6/28/2024 9:00:00 PM,2024,7/9/2024 9:00:00 AM,Hurricane (maximum wind speed of 269 km/h),33.9,-93.7,10/1/2024 7:03:10 AM,port358; port373; port481; port963; port1285; port1023; port1144; port574; port336; port572; port763; port840; port949; port1102; port389; port1223,16,9 million (Source: GDACS),f47027ca577c458bb00a14c389cd8ec4,92,1356999108092.17,13353157.5607491
1001072,TC,GAEMI-24,Tropical Cyclone GAEMI-24,"Red Tropical Cyclone GAEMI-24 in Japan, Taiwan, China, Philippines from: 19 Jul 2024  to: 25 Jul 2024 .",RED,China; Taiwan Province of China,7/19/2024 6:00:00 PM,2024,7/25/2024 12:00:00 PM,Hurricane (maximum wind speed of 231 km/h),25.6,119.4,10/1/2024 7:03:10 AM,port370; port1074; port1192; port1403; port1405; port238; port482; port541; port681; port1252; port1261,11,24.7 million (Source: GDACS),3093e1e250d5474291d7b7ef8a88fd0a,93,742777302162.984,3740151.92027097
1001082,TC,AMPIL-24,Tropical Cyclone AMPIL-24,Red Tropical Cyclone AMPIL-24 in Japan from: 12 Aug 2024  to: 18 Aug 2024 .,RED,Japan,8/12/2024 12:00:00 PM,2024,8/18/2024 6:00:00 AM,Hurricane (maximum wind speed of 213 km/h),40.5,155.3,10/9/2024 10:18:06 AM,,0,1.2 million (Source: GDACS),,94,1994170744804.41,10181379.2771823
1021078,WF,Forest fires in Greece,Forest fires in Greece,Red Forest fires in Greece from: 11 Aug 2024 to: 13 Aug 2024.,RED,Greece,8/11/2024 12:00:00 AM,2024,8/13/2024 12:00:00 AM,Red impact for forestfire in 8206 ha,38.15125,23.92598,10/9/2024 10:18:06 AM,,0,,,95,134263310.331055,112341.774315527
1001101,TC,HELENE-24,Tropical Cyclone HELENE-24,"Red Tropical Cyclone HELENE-24 in United States, Mexico, Belize from: 23 Sep 2024  to: 27 Sep 2024 .",RED,Mexico; United States,9/23/2024 3:00:00 PM,2024,9/27/2024 9:00:00 PM,Hurricane (maximum wind speed of 222 km/h),37.5,-85.5,10/9/2024 10:18:06 AM,port879; port1144,2,1.3 million (Source: GDACS),42ada76f830c4cb58821d311383c4da0,96,692109064449.955,4910254.54021647
1001090,TC,YAGI-24,Tropical Cyclone YAGI-24,"Red Tropical Cyclone YAGI-24 in China, Viet Nam, Philippines from: 01 Sep 2024  to: 07 Sep 2024 .",RED,Vietnam; China,9/1/2024 12:00:00 PM,2024,9/7/2024 6:00:00 AM,Hurricane (maximum wind speed of 241 km/h),21,106.9,10/9/2024 10:18:06 AM,port123; port136; port242; port339; port424; port437; port1071; port1196; port1409; port1426; port434; port473,12,31.5 million (Source: GDACS),0387d1f7d4ae4eb2a872db5de07e9c78,97,638269632730.51,4139701.74289703
10000003,OT,US PORTS STRIKE,US Ports Strike,"Labor strike affecting many ports across the US East and Gulf Coasts, as well as the Port of Montreal in Canada",RED,,10/1/2024 12:00:00 AM,2024,10/2/2024 10:00:00 PM,,29.77081,-95.35517,10/3/2024 1:32:33 PM,port812; port815; port826; port103; port901; port159; port513; port736; port754; port1170; port1259; port1398; port231; port481; port766; port2066; port951,17,,9e9f1ca4abad4948af5caed716c137f3,98,2173469.48828125,6906.22437113547
1001111,TC,MILTON-24,Tropical Cyclone MILTON-24,"Red Tropical Cyclone MILTON-24 in Mexico, United States from: 05 Oct 2024  to: 09 Oct 2024 .",RED,Mexico; United States,10/5/2024 3:00:00 PM,2024,10/9/2024 9:00:00 AM,Hurricane (maximum wind speed of 287 km/h),24.5,-85.4,10/9/2024 10:18:06 AM,port212; port876; port967; port1259; port1023,5,5.5 million (Source: GDACS),6c5f734acb3a49209d1efa314fad3b08,99,821112466236.682,6859035.56366028
1001124,TC,MAN-YI-24,Tropical Cyclone MAN-YI-24,"Red Tropical Cyclone MAN-YI-24 in Philippines, China, Guam from: 09 Nov 2024  to: 19 Nov 2024 .",RED,"Philippines, China, Guam",11/9/2024 12:00:00 AM,2024,11/19/2024 12:00:00 PM,Hurricane (maximum wind speed of 259 km/h),18.1,112.1,3/29/2025 7:33:51 AM,,0,7.1 million (Source: GDACS),,100,727868031313.764,6211787.38265553
1001126,TC,USAGI-24,Tropical Cyclone USAGI-24,"Red Tropical Cyclone USAGI-24 in Philippines, Taiwan from: 11 Nov 2024  to: 16 Nov 2024 .",RED,"Philippines, Taiwan",11/11/2024 12:00:00 AM,2024,11/16/2024 6:00:00 AM,Hurricane (maximum wind speed of 241 km/h),22.2,120.6,3/29/2025 7:33:51 AM,,0,1.2 million (Source: GDACS),,101,267239678935.09,3815714.41903612
1001121,TC,YINXING-24,Tropical Cyclone YINXING-24,"Red Tropical Cyclone YINXING-24 in Philippines, Viet Nam from: 03 Nov 2024  to: 12 Nov 2024 .",RED,"Philippines, Viet Nam",11/3/2024 6:00:00 AM,2024,11/12/2024 12:00:00 PM,Hurricane (maximum wind speed of 231 km/h),14,108.6,3/29/2025 7:33:51 AM,,0,1.6 million (Source: GDACS),,102,627567140020.385,5914403.25404771
1001118,TC,KONG-REY-24,Tropical Cyclone KONG-REY-24,"Red Tropical Cyclone KONG-REY-24 in Philippines, Taiwan, China, Japan from: 25 Oct 2024  to: 01 Nov 2024 .",RED,Taiwan Province of China; China,10/25/2024 12:00:00 AM,2024,11/1/2024 6:00:00 PM,Hurricane (maximum wind speed of 241 km/h),32.2,126.1,3/29/2025 7:33:51 AM,port238; port824; port681; port2230; port1390; port2229; port541; port1074; port438; port482; port1405; port1261; port1192; port370; port1252; port1404; port1403,17,15.8 million (Source: GDACS),8a0fa020db1c41418971e9ad621376c5,103,1161912189137.11,5519864.05311603
1102974,FL,Flood in India,Flood in India,Red Flood in India from: 20 Oct 2024 01 to: 26 Oct 2024 01.,RED,India,10/20/2024 1:00:00 AM,2024,10/26/2024 1:00:00 AM,,20.54312,84.68974,3/29/2025 7:33:51 AM,port883; port442; port207; port290,4,,acd01d6724e54fd38f51a282856cdea7,104,280781350489.455,11023326.7480808
1001117,TC,DANA-24,Tropical Cyclone DANA-24,Red Tropical Cyclone DANA-24 in India from: 23 Oct 2024  to: 25 Oct 2024 .,RED,India,10/23/2024 6:00:00 AM,2024,10/25/2024 12:00:00 AM,Hurricane (maximum wind speed of 120 km/h),20.8,86.9,3/29/2025 7:33:51 AM,port883; port290,2,9.2 million (Source: GDACS),61640e351cc846aea17d94a763b36ba5,105,141183293249.02,1513492.91647852
1474479,EQ,Earthquake in Myanmar,Earthquake in Myanmar,Red M 6.7 Earthquake in Myanmar at: 28 Mar 2025 06:32:04.,RED,Myanmar,3/28/2025 6:32:04 AM,2025,3/28/2025 6:32:04 AM,"Magnitude 6.7M, Depth:10km",21.7073,95.9692,3/29/2025 7:33:51 AM,,0,,,106,36599965958.6563,678268.146096738
1474477,EQ,Earthquake in Myanmar,Earthquake in Myanmar,Red M 7.7 Earthquake in Myanmar at: 28 Mar 2025 06:20:54.,RED,Myanmar,3/28/2025 6:20:54 AM,2025,3/28/2025 6:20:54 AM,"Magnitude 7.7M, Depth:10km",22.0128,95.9216,3/29/2025 7:33:51 AM,,0,,,107,36759664931.293,679747.75578705
1461014,EQ,Earthquake in China,Earthquake in China,Red M 7.1 Earthquake in China at: 07 Jan 2025 01:05:16.,RED,China,1/7/2025 1:05:16 AM,2025,1/7/2025 1:05:16 AM,"Magnitude 7.1M, Depth:10km",28.639,87.3608,3/29/2025 7:33:51 AM,,0,,,108,41013872349.5371,717991.40941762
1001154,TC,JUDE-25,Tropical Cyclone JUDE-25,"Red Tropical Cyclone JUDE-25 in Mozambique, Madagascar from: 08 Mar 2025  to: 16 Mar 2025 .",RED,Madagascar; Mozambique,3/8/2025 6:00:00 PM,2025,3/16/2025 12:00:00 AM,Hurricane (maximum wind speed of 148 km/h),-26.04,51.93,3/29/2025 7:33:51 AM,port1307; port784; port340,3,2 million (Source: GDACS),741cbca36fb74752a8b9624f447fe27b,109,892986210001.831,7536661.49626417
1001151,TC,GARANCE-25,Tropical Cyclone GARANCE-25,Red Tropical Cyclone GARANCE-25 in La Reunion from: 25 Feb 2025  to: 02 Mar 2025 .,RED,Réunion,2/25/2025 12:00:00 AM,2025,3/2/2025 12:00:00 AM,Hurricane (maximum wind speed of 201 km/h),-32.41,56.82,3/29/2025 7:33:51 AM,port950,1,,bc0945c0bec84ace9d88e4b1d78d3382,110,567161975542.977,7632557.14563605
1458084,EQ,Earthquake in Vanuatu,Earthquake in Vanuatu,Red M 7.3 Earthquake in Vanuatu at: 17 Dec 2024 01:47:25.,RED,Vanuatu,12/17/2024 1:47:25 AM,2024,12/17/2024 1:47:25 AM,"Magnitude 7.3M, Depth:57.094km",-17.6859,168.0338,3/29/2025 7:33:51 AM,port980,1,,d9f1cd11bcad466f9ce50f174bc4a4d9,111,34805342363.7813,661419.83052175
1001131,TC,CHIDO-25,Tropical Cyclone CHIDO-25,"Red Tropical Cyclone CHIDO-25 in Mozambique, Miscellaneous (French) Indian Ocean Islands, Madagascar, Comoros, Mayotte from: 09 Dec 2024  to: 16 Dec 2024 .",RED,Mozambique; Mayotte,12/9/2024 6:00:00 PM,2024,12/16/2024 12:00:00 PM,Hurricane (maximum wind speed of 243 km/h),-16.55,33.77,3/29/2025 7:33:51 AM,port982; port896,2,,0461e32d3a3a496db34c0fcb4f802442,112,340251863450.244,5630351.73447865
1496100,EQ,Earthquake in Indonesia,Earthquake in Indonesia,Red M 5.8 Earthquake in Indonesia at: 16 Aug 2025 22:38:52.,RED,Indonesia,8/16/2025 10:38:52 PM,2025,8/16/2025 10:38:52 PM,"Magnitude 5.8M, Depth:10km",-1.2569,120.7409,10/6/2025 6:03:42 PM,,0,,,113,31604247090.9357,630279.789814208
1001199,TC,KAJIKI-25,Tropical Cyclone KAJIKI-25,"Red Tropical Cyclone KAJIKI-25 in China, Viet Nam, Laos from: 22 Aug 2025  to: 25 Aug 2025 .",RED,China; Vietnam,8/22/2025 12:00:00 PM,2025,8/25/2025 12:00:00 PM,Hurricane (maximum wind speed of 176 km/h),18.6,105.7,10/6/2025 6:05:26 PM,port819; port123; port2405,3,4.5 million (Source: GDACS),ac2ab6950be24be78651406ff4a48fd3,114,315832502165.275,3249273.25215424
1498339,EQ,Earthquake in Afghanistan,Earthquake in Afghanistan,Red M 6 Earthquake in Afghanistan at: 31 Aug 2025 19:17:34.,RED,Afghanistan,8/31/2025 7:17:34 PM,2025,8/31/2025 7:17:34 PM,"Magnitude 6M, Depth:8km",34.7061,70.7934,10/6/2025 6:06:20 PM,,0,,,115,46748743487.2832,766552.388337086
1498907,EQ,Earthquake in Afghanistan,Earthquake in Afghanistan,Red M 5.6 Earthquake in Afghanistan at: 04 Sep 2025 16:56:24.,RED,Afghanistan,9/4/2025 4:56:24 PM,2025,9/4/2025 4:56:24 PM,"Magnitude 5.6M, Depth:10km",34.719,70.7909,10/6/2025 6:07:20 PM,,0,,,116,46755681362.3809,766604.807065709
1001214,TC,BUALOI-25,Tropical Cyclone BUALOI-25,"Red Tropical Cyclone BUALOI-25 in Viet Nam, Philippines, Laos from: 23 Sep 2025  to: 28 Sep 2025 .",RED,Vietnam,9/23/2025 12:00:00 PM,2025,9/28/2025 6:00:00 PM,Hurricane (maximum wind speed of 148 km/h),18.2,106.2,10/6/2025 6:07:20 PM,port269; port819; port2405,3,6.9 million (Source: GDACS),4877524fdb7c445db72a442c5f4c6f97,117,690605174070.694,7071118.48698979
1103514,FL,Flood in China,Flood in China,Red Flood in China from: 23 Sep 2025 01 to: 25 Sep 2025 01.,RED,Hong Kong SAR,9/23/2025 1:00:00 AM,2025,9/25/2025 1:00:00 AM,,22.35063,114.1849,10/6/2025 6:07:20 PM,port474,1,,ba4836d421a64310984bb04854a15168,118,3236111844.29492,241815.273996356
1001211,TC,RAGASA-25,Tropical Cyclone RAGASA-25,"Red Tropical Cyclone RAGASA-25 in Philippines, China from: 18 Sep 2025  to: 24 Sep 2025 .",RED,China; Macao SAR; Hong Kong SAR,9/18/2025 12:00:00 PM,2025,9/24/2025 12:00:00 PM,Hurricane (maximum wind speed of 269 km/h),21.8,111.1,10/6/2025 6:07:20 PM,port2019; port436; port339; port2028; port136; port1071; port1414; port2112; port484; port1189; port1196; port2029; port2287; port424; port674; port474; port423; port2383; port1426; port2030,20,47.2 million (Source: GDACS),cb89aca0c9a640e9bba3c7816fa746f7,119,1213030474462.38,6355005.73105327
1001219,TC,MATMO-25,Tropical Cyclone MATMO-25,"Red Tropical Cyclone MATMO-25 in China, Viet Nam, Philippines from: 01 Oct 2025  to: 05 Oct 2025 .",RED,China,10/1/2025 6:00:00 AM,2025,10/5/2025 6:00:00 PM,Hurricane (maximum wind speed of 167 km/h),21.9,108.5,10/29/2025 8:06:30 AM,port437; port339; port136; port1071; port1196; port424; port242; port1426,8,20 million (Source: GDACS),d1c3e4dd8f4342fd98f587856420c073,120,543522271097.787,4777478.11064407
1502713,EQ,Earthquake in Philippines,Earthquake in Philippines,Orange M 6.9 Earthquake in Philippines at: 30 Sep 2025 13:59:43.,ORANGE,Philippines,9/30/2025 1:59:43 PM,2025,9/30/2025 1:59:43 PM,"Magnitude 6.9M, Depth:10km",11.1514,124.1376,10/6/2025 6:16:35 PM,port2207; port224; port858,3,,9626abce4e994e70ba102a35f9ffb1ce,121,32821300798.334,642310.244062114
1001230,TC,MELISSA-25,Tropical Cyclone MELISSA-25,"Red Tropical Cyclone MELISSA-25 in Jamaica, Cuba, Bahamas, Bermuda, Haiti, Canada from: 21 Oct 2025  to: 31 Oct 2025 .",RED,Jamaica; Cuba; The Bahamas; Canada,10/21/2025 3:00:00 PM,2025,10/31/2025 3:00:00 PM,Hurricane (maximum wind speed of 296 km/h),39,-60.5,11/5/2025 7:12:38 AM,port1220; port256; port1102; port835; port2172; port336; port388; port2332; port66; port949; port2330; port1156; port840; port223; port763; port2105; port572,17,2.8 million (Source: GDACS),e34846541688462e8808638878306dba,122,4640098699038.42,18023634.9676914
1508467,EQ,Earthquake in Afghanistan,Earthquake in Afghanistan,Red M 6.3 Earthquake in Afghanistan at: 02 Nov 2025 20:29:02.,RED,Afghanistan,11/2/2025 8:29:02 PM,2025,11/2/2025 8:29:02 PM,"Magnitude 6.3M, Depth:28km",36.5894,67.4843,11/11/2025 12:08:53 PM,,0,,,123,49004820736.2109,784841.289754717
1001233,TC,KALMAEGI-25,Tropical Cyclone KALMAEGI-25,"Red Tropical Cyclone KALMAEGI-25 in Viet Nam, Cambodia, Philippines, Laos from: 01 Nov 2025  to: 06 Nov 2025 .",RED,Philippines; Vietnam,11/1/2025 6:00:00 AM,2025,11/6/2025 12:00:00 PM,Hurricane (maximum wind speed of 213 km/h),13.6,109.1,11/11/2025 12:08:53 PM,port2207; port2262; port1078; port224; port2395; port2055; port858,7,14.1 million (Source: GDACS),1734eb93b6ea40f4867229955debf2cf,124,592669057187.835,6596353.64376739
1001234,TC,FUNG-WONG-25,Tropical Cyclone FUNG-WONG-25,"Red Tropical Cyclone FUNG-WONG-25 in Philippines, China from: 04 Nov 2025  to: 11 Nov 2025 .",RED,Philippines,11/4/2025 6:00:00 AM,2025,11/11/2025 6:00:00 AM,Hurricane (maximum wind speed of 213 km/h),20.1,118.6,11/11/2025 12:08:53 PM,port2384; port1232; port694,3,21 million (Source: GDACS),c2ef10c4bd2a4528b780085f225e1c12,125,1574991297706.01,6844851.43100346
1001256,TC,GEZANI-26,Tropical Cyclone GEZANI-26,"Red Tropical Cyclone GEZANI-26 in Madagascar, Mozambique from: 06 Feb 2026  to: 18 Feb 2026 .",RED,"Madagascar, Mozambique",2/6/2026 12:00:00 AM,2026,2/18/2026 12:00:00 PM,Hurricane (maximum wind speed of 211 km/h),-35.63,41.6,2/20/2026 9:36:00 PM,,0,1.5 million (Source: GDACS),,126,115660665179.699,1467389.24975011
10000004,OT,HORMUZ-26,Trade Disruptions in the Strait of Hormuz,Trade Disruptions in the Strait of Hormuz from: 01 Mar 2026  to: - .,RED,,3/1/2026 12:00:00 AM,2019,,,26.29685,56.85985,3/1/2026 12:00:00 AM,chokepoint6,1,,cc317ba850e34c4dadbead6f7b336fb1,128,17207899494.6914,591676.754621492
